"x","y","planet_name"
-46038450.205,-6.94131102199874e-09,"mercury"
-45855387.372341,-4503243.87475939,"mercury"
-45307356.2565331,-8978016.79183039,"mercury"
-44397821.6867401,-13396027.7960859,"mercury"
-43132534.0333559,-17729344.7994873,"mercury"
-41519492.8523104,-21950571.1767385,"mercury"
-39568896.3093022,-26033018.9755715,"mercury"
-37293076.7037109,-29950877.6465741,"mercury"
-34706422.49983,-33679377.2257927,"mercury"
-31825287.3583631,-37194944.9384202,"mercury"
-28667886.7433154,-40475354.2334681,"mercury"
-25254182.7579654,-43499865.3071775,"mercury"
-21605757.938021,-46249356.2267368,"mercury"
-17745678.7998792,-48706443.8252974,"mercury"
-13698350.0066834,-50855593.6039511,"mercury"
-9489360.07418529,-52683217.9458341,"mercury"
-5145319.59190899,-54177762.0214159,"mercury"
-693692.982436867,-55329776.8418514,"mercury"
3837375.13751307,-56131978.9985307,"mercury"
8419237.89641573,-56579296.7111339,"mercury"
13022927.2826842,-56668901.8930587,"mercury"
17619337.2897659,-56400228.0314948,"mercury"
22179407.9336869,-55774973.7691,"mercury"
26674308.9796279,-54797092.1646348,"mercury"
31075622.2159503,-53472765.7004516,"mercury"
35355521.1232805,-51810367.1948513,"mercury"
39486946.8027248,-49820406.8664297,"mercury"
43443779.0509401,-47515465.8850919,"mercury"
47201001.5004695,-44910116.829845,"mercury"
50734859.7812718,-42020831.5562622,"mercury"
54023011.7034974,-38865877.056108,"mercury"
57044668.5120057,-35465199.967535,"mercury"
59780726.3195685,-31840300.4660153,"mercury"
62213886.8877962,-28014096.3333085,"mercury"
64328766.9921705,-24010778.0638669,"mercury"
66111995.679742,-19855655.9247407,"mercury"
67552298.8046009,-15574999.9359207,"mercury"
68640570.3066565,-11195873.7828136,"mercury"
69369929.7830813,-6745963.71090925,"mercury"
69735765.988433,-2253403.48442247,"mercury"
69735765.988433,2253403.48442249,"mercury"
69369929.7830813,6745963.71090927,"mercury"
68640570.3066565,11195873.7828136,"mercury"
67552298.8046009,15574999.9359207,"mercury"
66111995.679742,19855655.9247408,"mercury"
64328766.9921704,24010778.0638669,"mercury"
62213886.8877962,28014096.3333086,"mercury"
59780726.3195684,31840300.4660153,"mercury"
57044668.5120056,35465199.9675351,"mercury"
54023011.7034974,38865877.0561081,"mercury"
50734859.7812718,42020831.5562622,"mercury"
47201001.5004695,44910116.829845,"mercury"
43443779.0509401,47515465.8850919,"mercury"
39486946.8027248,49820406.8664298,"mercury"
35355521.1232805,51810367.1948514,"mercury"
31075622.2159502,53472765.7004517,"mercury"
26674308.9796279,54797092.1646348,"mercury"
22179407.9336869,55774973.7691,"mercury"
17619337.2897658,56400228.0314948,"mercury"
13022927.2826842,56668901.8930587,"mercury"
8419237.89641572,56579296.7111339,"mercury"
3837375.13751304,56131978.9985307,"mercury"
-693692.982436918,55329776.8418513,"mercury"
-5145319.591909,54177762.0214159,"mercury"
-9489360.07418531,52683217.9458341,"mercury"
-13698350.0066835,50855593.603951,"mercury"
-17745678.7998792,48706443.8252974,"mercury"
-21605757.938021,46249356.2267368,"mercury"
-25254182.7579655,43499865.3071774,"mercury"
-28667886.7433155,40475354.233468,"mercury"
-31825287.3583631,37194944.9384202,"mercury"
-34706422.49983,33679377.2257926,"mercury"
-37293076.7037109,29950877.646574,"mercury"
-39568896.3093022,26033018.9755715,"mercury"
-41519492.8523105,21950571.1767385,"mercury"
-43132534.0333559,17729344.7994873,"mercury"
-44397821.6867401,13396027.7960859,"mercury"
-45307356.2565331,8978016.79183036,"mercury"
-45855387.372341,4503243.87475936,"mercury"
-46038450.205,6.94131102199874e-09,"mercury"
-107452530.007,-1.32515783379724e-08,"venus"
-107110460.77678,-8597091.93151596,"venus"
-106086415.757931,-17139830.27983,"venus"
-104386869.292773,-25574205.1025933,"venus"
-102022566.461263,-33846891.5665557,"venus"
-99008455.1471392,-41905587.08433,"venus"
-95363591.5325836,-49699341.9881899,"venus"
-91111019.6189065,-57178881.650273,"venus"
-86277625.5349495,-64296918.0126438,"venus"
-80893967.554322,-71008448.5576209,"venus"
-74994082.8961575,-77271040.8281833,"venus"
-68615272.5308541,-83045100.6996259,"venus"
-61797865.3513308,-88294122.7063639,"venus"
-54584963.2007813,-92984920.8412398,"venus"
-47022168.3689438,-97087838.3681459,"venus"
-39157295.2797429,-100576935.321458,"venus"
-31040068.1931064,-103430152.506851,"venus"
-22721806.8321847,-105629450.966627,"venus"
-14255101.923537,-107160926.027813,"venus"
-5693482.7016262,-108014895.211982,"venus"
2908921.52023726,-108185959.451,"venus"
11497723.5728414,-107673037.22167,"venus"
20018622.2842677,-106479371.383471,"venus"
28417745.7893838,-104612508.676157,"venus"
36641992.1251193,-102084252.00684,"venus"
44639364.9581741,-98910585.828207,"venus"
52359302.3225787,-95111575.0796665,"venus"
59752996.2887223,-90711238.3303407,"venus"
66773701.5427989,-85737395.9259378,"venus"
73377030.9257314,-80221494.0995696,"venus"
79521236.063083,-74198406.1585408,"venus"
85167471.3117218,-67706212.0040716,"venus"
90280039.3544842,-60785957.3779025,"venus"
94826616.8901072,-53481394.3578985,"venus"
98778458.9915463,-45838704.7433269,"venus"
102110580.840659,-37906208.0786523,"venus"
104801915.69027,-29734056.1618196,"venus"
106835448.05493,-21373915.9684397,"venus"
108198321.288291,-12878642.9965346,"venus"
108881918.866966,-4301947.09706089,"venus"
108881918.866966,4301947.09706094,"venus"
108198321.288291,12878642.9965347,"venus"
106835448.05493,21373915.9684397,"venus"
104801915.69027,29734056.1618196,"venus"
102110580.840659,37906208.0786523,"venus"
98778458.9915463,45838704.7433269,"venus"
94826616.8901072,53481394.3578986,"venus"
90280039.3544842,60785957.3779025,"venus"
85167471.3117218,67706212.0040717,"venus"
79521236.0630829,74198406.1585408,"venus"
73377030.9257314,80221494.0995697,"venus"
66773701.5427988,85737395.9259378,"venus"
59752996.2887222,90711238.3303407,"venus"
52359302.3225786,95111575.0796665,"venus"
44639364.958174,98910585.8282071,"venus"
36641992.1251192,102084252.00684,"venus"
28417745.7893838,104612508.676157,"venus"
20018622.2842677,106479371.383471,"venus"
11497723.5728413,107673037.22167,"venus"
2908921.52023726,108185959.451,"venus"
-5693482.70162623,108014895.211982,"venus"
-14255101.9235371,107160926.027813,"venus"
-22721806.8321847,105629450.966627,"venus"
-31040068.1931064,103430152.506851,"venus"
-39157295.2797429,100576935.321458,"venus"
-47022168.3689439,97087838.3681459,"venus"
-54584963.2007813,92984920.8412398,"venus"
-61797865.3513309,88294122.7063638,"venus"
-68615272.5308542,83045100.6996258,"venus"
-74994082.8961576,77271040.8281832,"venus"
-80893967.5543221,71008448.5576208,"venus"
-86277625.5349495,64296918.0126437,"venus"
-91111019.6189065,57178881.6502729,"venus"
-95363591.5325836,49699341.9881899,"venus"
-99008455.1471393,41905587.08433,"venus"
-102022566.461263,33846891.5665556,"venus"
-104386869.292773,25574205.1025933,"venus"
-106086415.757931,17139830.2798299,"venus"
-107110460.77678,8597091.93151592,"venus"
-107452530.007,1.32515783379724e-08,"venus"
-147056800.017,-1.83180685804675e-08,"earth"
-146583890.333598,-11884027.3647124,"earth"
-145168151.170675,-23692920.0821176,"earth"
-142818533.287045,-35352018.5303397,"earth"
-139549891.723476,-46787610.1351022,"earth"
-135382891.88434,-57927395.4043552,"earth"
-130343878.88427,-68700945.0289431,"earth"
-124464710.985868,-79040145.159373,"earth"
-117782558.181506,-88879628.0435017,"earth"
-110339667.192671,-98157185.3025116,"earth"
-102183094.372586,-106814161.23231,"earth"
-93364408.2007961,-114795823.643778,"earth"
-83939363.2506373,-122051709.897288,"earth"
-73967547.690872,-128535945.943765,"earth"
-63512006.5501004,-134207536.355188,"earth"
-52638843.1257916,-139030623.510892,"earth"
-41416801.0579529,-142974714.300985,"earth"
-29916829.7097052,-146014872.913612,"earth"
-18211635.6025646,-148131878.487181,"earth"
-6375222.74240504,-149312346.630844,"earth"
5517575.25769452,-149548814.044919,"earth"
17391568.299646,-148839785.70628,"earth"
29171685.1763615,-147189744.320369,"earth"
40783448.1960951,-144609121.980093,"earth"
52153444.0543894,-141114234.210772,"earth"
63209787.9766239,-136727176.818135,"earth"
73882578.1967046,-131475686.191522,"earth"
84104337.8985351,-125392963.945498,"earth"
93810441.8261745,-118517467.008563,"earth"
102939524.865512,-110892664.486059,"earth"
111433870.014276,-102566762.834494,"earth"
119239773.287508,-93592401.0848077,"earth"
126307883.251441,-84026318.0414605,"earth"
132593513.039162,-73928993.5614505,"earth"
138056922.875362,-63364266.1811819,"earth"
142663571.324002,-52398929.5086846,"earth"
146384333.670382,-41102309.9329182,"earth"
149195686.056974,-29545828.3200201,"earth"
151079854.208815,-17802548.4675946,"earth"
152024925.808204,-5946715.17185948,"earth"
152024925.808204,5946715.17185954,"earth"
151079854.208815,17802548.4675946,"earth"
149195686.056974,29545828.3200202,"earth"
146384333.670382,41102309.9329182,"earth"
142663571.324002,52398929.5086847,"earth"
138056922.875362,63364266.181182,"earth"
132593513.039162,73928993.5614506,"earth"
126307883.251441,84026318.0414606,"earth"
119239773.287508,93592401.0848078,"earth"
111433870.014276,102566762.834495,"earth"
102939524.865512,110892664.486059,"earth"
93810441.8261744,118517467.008563,"earth"
84104337.898535,125392963.945499,"earth"
73882578.1967045,131475686.191522,"earth"
63209787.9766238,136727176.818135,"earth"
52153444.0543893,141114234.210772,"earth"
40783448.196095,144609121.980093,"earth"
29171685.1763615,147189744.320369,"earth"
17391568.2996459,148839785.70628,"earth"
5517575.25769452,149548814.044919,"earth"
-6375222.74240508,149312346.630844,"earth"
-18211635.6025647,148131878.487181,"earth"
-29916829.7097053,146014872.913612,"earth"
-41416801.057953,142974714.300985,"earth"
-52638843.1257916,139030623.510892,"earth"
-63512006.5501005,134207536.355188,"earth"
-73967547.690872,128535945.943765,"earth"
-83939363.2506373,122051709.897288,"earth"
-93364408.2007962,114795823.643778,"earth"
-102183094.372586,106814161.23231,"earth"
-110339667.192671,98157185.3025115,"earth"
-117782558.181506,88879628.0435017,"earth"
-124464710.985868,79040145.1593729,"earth"
-130343878.88427,68700945.0289431,"earth"
-135382891.88434,57927395.4043551,"earth"
-139549891.723476,46787610.1351021,"earth"
-142818533.287045,35352018.5303397,"earth"
-145168151.170675,23692920.0821176,"earth"
-146583890.333598,11884027.3647123,"earth"
-147056800.017,1.83180685804675e-08,"earth"
-206495520.094,-2.77885603531996e-08,"mars"
-205775028.282229,-18028102.1556781,"mars"
-203618108.028129,-35942224.8450091,"mars"
-200038396.07601,-53629109.2165299,"mars"
-195058524.517396,-70976933.0925869,"mars"
-188709977.703653,-87876017.9451462,"mars"
-181032893.191782,-104219522.318761,"mars"
-172075807.981864,-119904117.316654,"mars"
-161895351.650513,-134830639.87927,"mars"
-150555888.320464,-148904719.725065,"mars"
-138129109.729863,-162037375.989816,"mars"
-124693581.974019,-174145579.792286,"mars"
-110334248.785247,-185152779.169552,"mars"
-95141894.491252,-194989383.063154,"mars"
-79212570.0473706,-203593201.296181,"mars"
-62646985.7715118,-210909837.759586,"mars"
-45549874.6210989,-216893034.321907,"mars"
-28029330.037592,-221504963.288063,"mars"
-10196122.5449484,-224716466.558223,"mars"
7837000.57729467,-226507239.974705,"mars"
25956028.1186228,-226865961.691393,"mars"
44046405.7531254,-225790363.754097,"mars"
61993760.2888273,-223287246.439286,"mars"
79684622.7718331,-219372435.260555,"mars"
97007145.8735874,-214070680.914631,"mars"
113851811.025698,-207415502.799498,"mars"
130112120.831585,-199448977.09397,"mars"
145685272.377315,-190221470.738545,"mars"
160472807.184719,-179791322.999389,"mars"
174381233.697592,-168224476.628709,"mars"
187322618.365415,-155594060.953446,"mars"
199215141.587574,-141979929.52812,"mars"
209983615.003214,-127468155.274953,"mars"
219559956.85627,-112150486.303138,"mars"
227883622.430246,-96123765.8477551,"mars"
234901986.831408,-79489319.9956549,"mars"
240570677.700306,-62352317.0693174,"mars"
244853855.748113,-44821102.7188543,"mars"
247724441.344154,-27006514.9259249,"mars"
249164285.722047,-9021183.25032973,"mars"
249164285.722047,9021183.25032983,"mars"
247724441.344154,27006514.925925,"mars"
244853855.748113,44821102.7188544,"mars"
240570677.700306,62352317.0693175,"mars"
234901986.831408,79489319.995655,"mars"
227883622.430246,96123765.8477552,"mars"
219559956.85627,112150486.303139,"mars"
209983615.003214,127468155.274953,"mars"
199215141.587573,141979929.52812,"mars"
187322618.365415,155594060.953446,"mars"
174381233.697592,168224476.628709,"mars"
160472807.184719,179791322.999389,"mars"
145685272.377315,190221470.738545,"mars"
130112120.831585,199448977.09397,"mars"
113851811.025697,207415502.799498,"mars"
97007145.8735872,214070680.914631,"mars"
79684622.771833,219372435.260555,"mars"
61993760.2888272,223287246.439286,"mars"
44046405.7531253,225790363.754097,"mars"
25956028.1186228,226865961.691393,"mars"
7837000.57729462,226507239.974705,"mars"
-10196122.5449485,224716466.558223,"mars"
-28029330.0375922,221504963.288063,"mars"
-45549874.6210989,216893034.321907,"mars"
-62646985.7715119,210909837.759586,"mars"
-79212570.0473707,203593201.296181,"mars"
-95141894.491252,194989383.063154,"mars"
-110334248.785247,185152779.169551,"mars"
-124693581.974019,174145579.792286,"mars"
-138129109.729864,162037375.989816,"mars"
-150555888.320464,148904719.725065,"mars"
-161895351.650513,134830639.87927,"mars"
-172075807.981864,119904117.316654,"mars"
-181032893.191782,104219522.318761,"mars"
-188709977.703653,87876017.9451461,"mars"
-195058524.517396,70976933.0925867,"mars"
-200038396.07601,53629109.2165299,"mars"
-203618108.028129,35942224.845009,"mars"
-205775028.28223,18028102.155678,"mars"
-206495520.094,2.77885603531996e-08,"mars"
-740420070.049,-9.52327925866411e-08,"jupiter"
-737958884.940672,-61783211.9224841,"jupiter"
-730590890.020371,-123175810.486816,"jupiter"
-718362668.124262,-183789651.91826,"jupiter"
-701351530.0083,-243241515.99541,"jupiter"
-679665025.56474,-301155528.891818,"jupiter"
-653440263.857092,-357165539.571344,"jupiter"
-622843046.272473,-410917434.712893,"jupiter"
-588066818.271859,-462071377.528852,"jupiter"
-549331446.365593,-510303956.32267,"jupiter"
-506881828.046517,-555310229.201741,"jupiter"
-460986343.469175,-596805652.018226,"jupiter"
-411935158.66406,-634527877.348774,"jupiter"
-360038391.014551,-668238413.139395,"jupiter"
-305624148.594962,-697724130.529022,"jupiter"
-249036455.765657,-722798611.31878,"jupiter"
-190633078.140275,-743303326.567873,"jupiter"
-130783260.676336,-759108638.86458,"jupiter"
-69865393.1897287,-770114621.935715,"jupiter"
-8264618.05246661,-776251692.412698,"jupiter"
53629604.8013938,-777481049.760019,"jupiter"
115425960.16685,-773794921.584711,"jupiter"
176733751.58867,-765216612.775923,"jupiter"
237165371.470181,-751800358.163906,"jupiter"
296338751.653284,-733630979.629959,"jupiter"
353879778.976373,-710823349.835179,"jupiter"
409424660.538192,-683521665.958514,"jupiter"
462622223.713688,-651898538.035773,"jupiter"
513136136.380414,-616153897.663401,"jupiter"
560647033.318495,-576513733.966556,"jupiter"
604854535.340377,-533228664.823096,"jupiter"
645479148.384761,-486572352.376668,"jupiter"
682264030.568048,-436839772.856517,"jupiter"
714976616.021426,-384345351.642801,"jupiter"
743410085.247167,-329420975.368092,"jupiter"
767384672.698083,-272413893.623234,"jupiter"
786748803.3132,-213684523.533623,"jupiter"
801380050.824086,-153604171.086096,"jupiter"
811185911.773145,-92552683.6129351,"jupiter"
816104390.35026,-30916048.2747287,"jupiter"
816104390.35026,30916048.274729,"jupiter"
811185911.773145,92552683.6129354,"jupiter"
801380050.824085,153604171.086097,"jupiter"
786748803.3132,213684523.533623,"jupiter"
767384672.698083,272413893.623234,"jupiter"
743410085.247166,329420975.368092,"jupiter"
714976616.021426,384345351.642801,"jupiter"
682264030.568048,436839772.856518,"jupiter"
645479148.38476,486572352.376668,"jupiter"
604854535.340377,533228664.823097,"jupiter"
560647033.318495,576513733.966556,"jupiter"
513136136.380414,616153897.663401,"jupiter"
462622223.713688,651898538.035774,"jupiter"
409424660.538192,683521665.958514,"jupiter"
353879778.976372,710823349.835179,"jupiter"
296338751.653283,733630979.62996,"jupiter"
237165371.47018,751800358.163906,"jupiter"
176733751.58867,765216612.775923,"jupiter"
115425960.166849,773794921.584711,"jupiter"
53629604.8013938,777481049.760019,"jupiter"
-8264618.05246678,776251692.412698,"jupiter"
-69865393.1897292,770114621.935715,"jupiter"
-130783260.676337,759108638.86458,"jupiter"
-190633078.140275,743303326.567873,"jupiter"
-249036455.765657,722798611.31878,"jupiter"
-305624148.594963,697724130.529021,"jupiter"
-360038391.014551,668238413.139395,"jupiter"
-411935158.66406,634527877.348773,"jupiter"
-460986343.469175,596805652.018226,"jupiter"
-506881828.046518,555310229.20174,"jupiter"
-549331446.365593,510303956.32267,"jupiter"
-588066818.27186,462071377.528851,"jupiter"
-622843046.272473,410917434.712893,"jupiter"
-653440263.857092,357165539.571344,"jupiter"
-679665025.56474,301155528.891818,"jupiter"
-701351530.0083,243241515.995409,"jupiter"
-718362668.124262,183789651.91826,"jupiter"
-730590890.020371,123175810.486816,"jupiter"
-737958884.940672,61783211.9224837,"jupiter"
-740420070.049,9.52327925866411e-08,"jupiter"
-1351818790.057,-1.75271368564308e-07,"saturn"
-1347287170.94974,-113709026.206499,"saturn"
-1333720963.98299,-226699147.338357,"saturn"
-1311205939.08513,-338256003.470279,"saturn"
-1279884443.49273,-447674296.239771,"saturn"
-1239954501.78553,-554262247.970469,"saturn"
-1191668563.91126,-657345975.313344,"saturn"
-1135331909.11583,-756273749.754206,"saturn"
-1071300715.8696,-850420118.051202,"saturn"
-999979809.992427,-939189856.551596,"saturn"
-921820105.214508,-1022021734.38734,"saturn"
-837315752.354575,-1098392061.75733,"saturn"
-747001015.139327,-1167818000.86293,"saturn"
-651446892.416129,-1229860618.564,"saturn"
-551257508.114456,-1284127661.45554,"saturn"
-447066291.779901,-1330276035.81999,"saturn"
-339531973.82864,-1368013976.7762,"saturn"
-229334420.84165,-1397102892.91094,"saturn"
-117170337.229289,-1417358874.73063,"saturn"
-3748860.44169177,-1428653857.39638,"saturn"
110212922.426508,-1430916430.39111,"saturn"
223994508.291674,-1424132288.99988,"saturn"
336876533.333639,-1408344324.74885,"saturn"
448145321.045394,-1383652354.23128,"saturn"
557097394.325746,-1350212488.03487,"saturn"
663043923.088051,-1308236143.76036,"saturn"
765315079.265807,-1257988709.37142,"saturn"
863264271.681349,-1199787865.32644,"saturn"
956272234.003467,-1134001576.10044,"saturn"
1043750939.94853,-1061045763.79515,"saturn"
1125147320.97198,-981381678.545601,"saturn"
1199946762.94575,-895512982.34823,"saturn"
1267676359.71445,-803982564.747594,"saturn"
1327907902.96037,-707369110.513868,"saturn"
1380260589.47434,-606283441.011411,"saturn"
1424403428.71617,-501364652.389431,"saturn"
1460057335.44349,-393276075.010363,"saturn"
1486996894.17845,-282701079.661743,"saturn"
1505051784.35699,-170338757.066062,"saturn"
1514107857.15025,-56899498.0041364,"saturn"
1514107857.15025,56899498.004137,"saturn"
1505051784.35699,170338757.066063,"saturn"
1486996894.17845,282701079.661743,"saturn"
1460057335.44349,393276075.010363,"saturn"
1424403428.71617,501364652.389432,"saturn"
1380260589.47434,606283441.011411,"saturn"
1327907902.96037,707369110.513869,"saturn"
1267676359.71445,803982564.747595,"saturn"
1199946762.94575,895512982.348231,"saturn"
1125147320.97198,981381678.545602,"saturn"
1043750939.94853,1061045763.79515,"saturn"
956272234.003467,1134001576.10044,"saturn"
863264271.681348,1199787865.32644,"saturn"
765315079.265806,1257988709.37142,"saturn"
663043923.088051,1308236143.76036,"saturn"
557097394.325745,1350212488.03487,"saturn"
448145321.045394,1383652354.23128,"saturn"
336876533.333638,1408344324.74885,"saturn"
223994508.291673,1424132288.99988,"saturn"
110212922.426508,1430916430.39111,"saturn"
-3748860.4416921,1428653857.39638,"saturn"
-117170337.22929,1417358874.73063,"saturn"
-229334420.841651,1397102892.91094,"saturn"
-339531973.82864,1368013976.7762,"saturn"
-447066291.779901,1330276035.81999,"saturn"
-551257508.114457,1284127661.45554,"saturn"
-651446892.416129,1229860618.564,"saturn"
-747001015.139327,1167818000.86293,"saturn"
-837315752.354576,1098392061.75733,"saturn"
-921820105.214509,1022021734.38734,"saturn"
-999979809.992428,939189856.551595,"saturn"
-1071300715.8696,850420118.051201,"saturn"
-1135331909.11583,756273749.754205,"saturn"
-1191668563.91126,657345975.313344,"saturn"
-1239954501.78553,554262247.970468,"saturn"
-1279884443.49273,447674296.239769,"saturn"
-1311205939.08513,338256003.470279,"saturn"
-1333720963.98299,226699147.338356,"saturn"
-1347287170.94974,113709026.206499,"saturn"
-1351818790.057,1.75271368564308e-07,"saturn"
-2740326840.046,-3.5140251953888e-07,"uranus"
-2731246531.56215,-227975844.717705,"uranus"
-2704063014.74444,-454510352.743584,"uranus"
-2658948152.53848,-678171299.980442,"uranus"
-2596187175.62879,-897544629.907599,"uranus"
-2516176879.11858,-1111243393.70149,"uranus"
-2419423113.86337,-1317916518.97269,"uranus"
-2306537588.31896,-1516257351.68055,"uranus"
-2178234001.12366,-1705011917.2208,"uranus"
-2035323528.86571,-1882986848.45665,"uranus"
-1878709697.56369,-2049056930.57013,"uranus"
-1709382670.28415,-2202172215.03245,"uranus"
-1528412987.01187,-2341364657.7166,"uranus"
-1336944796.35142,-2465754239.18406,"uranus"
-1136188621.85128,-2574554528.45101,"uranus"
-927413708.684231,-2667077655.0582,"uranus"
-711939999.070704,-2742738658.00951,"uranus"
-491129787.179074,-2801059184.08364,"uranus"
-266379106.263318,-2841670512.13726,"uranus"
-39108902.4913006,-2864315884.27877,"uranus"
189243948.734408,-2868852129.17435,"uranus"
417235727.165451,-2855250567.22321,"uranus"
643424995.371937,-2823597191.87933,"uranus"
866381711.973967,-2774092125.97309,"uranus"
1084696272.82367,-2707048356.47031,"uranus"
1296988422.97649,-2622889755.66792,"uranus"
1501915983.10733,-2522148401.33679,"uranus"
1698183335.20038,-2405461212.75475,"uranus"
1884549613.86339,-2273565923.89787,"uranus"
2059836551.4782,-2127296419.2487,"uranus"
2222935927.58796,-1967577461.71011,"uranus"
2372816575.4237,-1795418845.95649,"uranus"
2508530901.27263,-1611909014.18663,"uranus"
2629220875.47072,-1418208174.64175,"uranus"
2734123457.14247,-1215540966.39545,"uranus"
2822575418.39099,-1005188716.79112,"uranus"
2894017537.43834,-788481340.478021,"uranus"
2947998134.20565,-566788931.262603,"uranus"
2984175925.97997,-341513099.934365,"uranus"
3002322185.11354,-114078112.83116,"uranus"
3002322185.11354,114078112.831161,"uranus"
2984175925.97997,341513099.934366,"uranus"
2947998134.20565,566788931.262604,"uranus"
2894017537.43834,788481340.478023,"uranus"
2822575418.39099,1005188716.79112,"uranus"
2734123457.14247,1215540966.39545,"uranus"
2629220875.47072,1418208174.64176,"uranus"
2508530901.27263,1611909014.18663,"uranus"
2372816575.42369,1795418845.95649,"uranus"
2222935927.58796,1967577461.71012,"uranus"
2059836551.4782,2127296419.2487,"uranus"
1884549613.86339,2273565923.89787,"uranus"
1698183335.20037,2405461212.75475,"uranus"
1501915983.10733,2522148401.33679,"uranus"
1296988422.97649,2622889755.66792,"uranus"
1084696272.82367,2707048356.47031,"uranus"
866381711.973966,2774092125.97309,"uranus"
643424995.371935,2823597191.87933,"uranus"
417235727.165449,2855250567.22321,"uranus"
189243948.734408,2868852129.17435,"uranus"
-39108902.4913012,2864315884.27877,"uranus"
-266379106.26332,2841670512.13726,"uranus"
-491129787.179076,2801059184.08364,"uranus"
-711939999.070704,2742738658.00951,"uranus"
-927413708.684232,2667077655.0582,"uranus"
-1136188621.85128,2574554528.45101,"uranus"
-1336944796.35142,2465754239.18406,"uranus"
-1528412987.01187,2341364657.7166,"uranus"
-1709382670.28415,2202172215.03244,"uranus"
-1878709697.56369,2049056930.57013,"uranus"
-2035323528.86571,1882986848.45665,"uranus"
-2178234001.12366,1705011917.2208,"uranus"
-2306537588.31896,1516257351.68055,"uranus"
-2419423113.86337,1317916518.97269,"uranus"
-2516176879.11859,1111243393.70149,"uranus"
-2596187175.62879,897544629.907596,"uranus"
-2658948152.53848,678171299.980442,"uranus"
-2704063014.74444,454510352.743582,"uranus"
-2731246531.56215,227975844.717704,"uranus"
-2740326840.046,3.5140251953888e-07,"uranus"
-4445614340.011,-5.50452778681923e-07,"neptune"
-4431404731.7124,-357111660.331549,"neptune"
-4388865744.53533,-711965545.767026,"neptune"
-4318266323.65305,-1062318155.79018,"neptune"
-4220052821.33529,-1405954448.39721,"neptune"
-4094846174.96557,-1740701844.30546,"neptune"
-3943437981.27511,-2064443962.69918,"neptune"
-3766785491.61341,-2375134001.67044,"neptune"
-3566005559.897,-2670807678.7598,"neptune"
-3342367581.49945,-2949595649.78246,"neptune"
-3097285467.72504,-3209735327.4241,"neptune"
-2832308706.60628,-3449582024.88532,"neptune"
-2549112566.54171,-3667619354.1212,"neptune"
-2249487504.70963,-3862468812.93469,"neptune"
-1935327847.22142,-4032898500.31137,"neptune"
-1608619812.58189,-4177830904.8943,"neptune"
-1271428954.17641,-4296349717.35773,"neptune"
-925887101.177385,-4387705623.60969,"neptune"
-574178880.43378,-4451321042.19695,"neptune"
-218527904.55685,-4486793775.96089,"neptune"
138817286.474751,-4493899554.85748,"neptune"
495597441.308672,-4472593453.86469,"neptune"
849556880.93333,-4423010177.01294,"neptune"
1198457759.80688,-4345463205.74283,"neptune"
1540094214.23726,-4240442816.97458,"neptune"
1872306308.56266,-4108612983.41947,"neptune"
2192993690.96022,-3950807175.73056,"neptune"
2500128872.54652,-3768023093.03289,"neptune"
2791770045.81507,-3561416355.14837,"neptune"
3066073361.36857,-3332293196.39522,"neptune"
3321304585.3285,-3082102207.154,"neptune"
3555850063.72002,-2812425175.41282,"neptune"
3768226924.512,-2524967086.19443,"neptune"
3957092452.81139,-2221545342.09194,"neptune"
4121252579.93915,-1904078273.06444,"neptune"
4259669432.71683,-1574573008.13738,"neptune"
4371467895.23501,-1235112785.68665,"neptune"
4455941141.61785,-887843782.534797,"neptune"
4512555104.80379,-534961545.130154,"neptune"
4540951853.08956,-178697108.595302,"neptune"
4540951853.08956,178697108.595304,"neptune"
4512555104.80379,534961545.130156,"neptune"
4455941141.61785,887843782.534799,"neptune"
4371467895.23501,1235112785.68665,"neptune"
4259669432.71683,1574573008.13738,"neptune"
4121252579.93915,1904078273.06444,"neptune"
3957092452.81139,2221545342.09194,"neptune"
3768226924.51199,2524967086.19444,"neptune"
3555850063.72002,2812425175.41282,"neptune"
3321304585.3285,3082102207.154,"neptune"
3066073361.36857,3332293196.39522,"neptune"
2791770045.81507,3561416355.14838,"neptune"
2500128872.54652,3768023093.03289,"neptune"
2192993690.96022,3950807175.73056,"neptune"
1872306308.56265,4108612983.41947,"neptune"
1540094214.23726,4240442816.97458,"neptune"
1198457759.80688,4345463205.74283,"neptune"
849556880.933328,4423010177.01294,"neptune"
495597441.308669,4472593453.86469,"neptune"
138817286.474751,4493899554.85748,"neptune"
-218527904.556851,4486793775.96089,"neptune"
-574178880.433783,4451321042.19695,"neptune"
-925887101.177389,4387705623.60969,"neptune"
-1271428954.17641,4296349717.35773,"neptune"
-1608619812.58189,4177830904.8943,"neptune"
-1935327847.22142,4032898500.31137,"neptune"
-2249487504.70963,3862468812.93469,"neptune"
-2549112566.54171,3667619354.1212,"neptune"
-2832308706.60629,3449582024.88532,"neptune"
-3097285467.72504,3209735327.4241,"neptune"
-3342367581.49945,2949595649.78246,"neptune"
-3566005559.89701,2670807678.7598,"neptune"
-3766785491.61341,2375134001.67044,"neptune"
-3943437981.27511,2064443962.69918,"neptune"
-4094846174.96557,1740701844.30546,"neptune"
-4220052821.33529,1405954448.39721,"neptune"
-4318266323.65305,1062318155.79018,"neptune"
-4388865744.53533,711965545.767024,"neptune"
-4431404731.7124,357111660.331547,"neptune"
-4445614340.011,5.50452778681923e-07,"neptune"
-4465223280.244,-7.01460667996433e-07,"pluto"
-4446552262.22362,-455079515.458735,"pluto"
-4390657252.34992,-907281871.698514,"pluto"
-4297891636.87188,-1353748099.82732,"pluto"
-4168841909.87834,-1791655496.60191,"pluto"
-4004323965.29358,-2218235470.46658,"pluto"
-3805377938.53322,-2630791045.48033,"pluto"
-3573261630.43319,-3026713912.46717,"pluto"
-3309442555.02794,-3403500919.58647,"pluto"
-3015588661.45417,-3758769898.06488,"pluto"
-2693557788.63936,-4090274723.03429,"pluto"
-2345385919.44594,-4395919514.25644,"pluto"
-1973274308.53204,-4673771886.95258,"pluto"
-1579575565.31087,-4922075168.96223,"pluto"
-1166778779.9965,-5139259506.99017,"pluto"
-737493786.774109,-5323951791.7244,"pluto"
-294434663.588008,-5474984339.07535,"pluto"
159597427.133006,-5591402272.65063,"pluto"
621731948.326409,-5672469560.79103,"pluto"
1089047136.75548,-5717673669.99962,"pluto"
1558588475.33722,-5726728805.34361,"pluto"
2027387372.5506,-5699577717.34186,"pluto"
2492479930.82797,-5636392063.91457,"pluto"
2950925685.26977,-5537571325.10664,"pluto"
3399826194.21036,-5403740277.44616,"pluto"
3836343364.09945,-5235745043.90613,"pluto"
4257717392.8433,-5034647744.44251,"pluto"
4661284218.16214,-4801719780.92993,"pluto"
5044492360.64964,-4538433798.94967,"pluto"
5404919055.04725,-4246454377.25015,"pluto"
5740285567.74617,-3927627503.74417,"pluto"
6048471603.67497,-3583968904.57889,"pluto"
6327528711.48766,-3217651300.06623,"pluto"
6575692602.30046,-2830990668.04539,"pluto"
6791394304.09417,-2426431601.52538,"pluto"
6973270081.26045,-2006531853.18088,"pluto"
7120170056.57739,-1573946164.41628,"pluto"
7231165481.10357,-1131409481.23584,"pluto"
7305554606.02786,-681719663.034422,"pluto"
7342867119.35139,-227719793.629608,"pluto"
7342867119.35139,227719793.62961,"pluto"
7305554606.02786,681719663.034424,"pluto"
7231165481.10357,1131409481.23584,"pluto"
7120170056.57739,1573946164.41628,"pluto"
6973270081.26045,2006531853.18088,"pluto"
6791394304.09417,2426431601.52539,"pluto"
6575692602.30046,2830990668.04539,"pluto"
6327528711.48766,3217651300.06623,"pluto"
6048471603.67497,3583968904.5789,"pluto"
5740285567.74617,3927627503.74417,"pluto"
5404919055.04725,4246454377.25016,"pluto"
5044492360.64964,4538433798.94967,"pluto"
4661284218.16213,4801719780.92993,"pluto"
4257717392.8433,5034647744.44251,"pluto"
3836343364.09945,5235745043.90614,"pluto"
3399826194.21036,5403740277.44617,"pluto"
2950925685.26977,5537571325.10664,"pluto"
2492479930.82797,5636392063.91457,"pluto"
2027387372.55059,5699577717.34186,"pluto"
1558588475.33722,5726728805.34361,"pluto"
1089047136.75548,5717673669.99962,"pluto"
621731948.326405,5672469560.79103,"pluto"
159597427.133001,5591402272.65063,"pluto"
-294434663.588009,5474984339.07535,"pluto"
-737493786.774111,5323951791.7244,"pluto"
-1166778779.9965,5139259506.99016,"pluto"
-1579575565.31087,4922075168.96223,"pluto"
-1973274308.53204,4673771886.95258,"pluto"
-2345385919.44594,4395919514.25644,"pluto"
-2693557788.63937,4090274723.03429,"pluto"
-3015588661.45417,3758769898.06488,"pluto"
-3309442555.02794,3403500919.58646,"pluto"
-3573261630.43319,3026713912.46717,"pluto"
-3805377938.53322,2630791045.48033,"pluto"
-4004323965.29359,2218235470.46658,"pluto"
-4168841909.87834,1791655496.60191,"pluto"
-4297891636.87188,1353748099.82732,"pluto"
-4390657252.34992,907281871.698511,"pluto"
-4446552262.22362,455079515.458733,"pluto"
-4465223280.244,7.01460667996433e-07,"pluto"
